tempo,x,y,theta,vel_dir,vel_esq
0,-2.95639e-09,0,-4.5,-14.7262,14.7262
0.01,-5.90367e-09,2.31956e-10,-9.00004,-14.7264,14.7263
0.02,-8.91785e-09,7.09358e-10,-13.5001,-14.7265,14.7265
0.03,-1.17926e-08,1.39952e-09,-18.0003,-14.7267,14.7266
0.04,-1.46042e-08,2.31311e-09,-22.5005,-14.7268,14.7268
0.05,-1.74237e-08,3.48099e-09,-27.0007,-14.727,14.7269
0.06,-2.00578e-08,4.82319e-09,-31.5009,-14.7271,14.7271
0.07,-2.25786e-08,6.36794e-09,-36.0013,-14.7273,14.7272
0.08,-2.50474e-08,8.16178e-09,-40.5016,-14.7274,14.7274
0.09,-2.72954e-08,1.00819e-08,-45.002,-14.7276,14.7275
0.1,1.74072e-06,-1.75806e-06,-49.5024,-14.7149,14.7399
0.11,0.00360651,-0.00422276,-53.7778,13.7628,41.7451
0.12,0.00995016,-0.0128832,-57.8417,40.3771,66.9752
0.13,0.0182289,-0.0260509,-61.7067,65.1214,90.4181
0.14,0.0277141,-0.0436717,-65.3847,88.0218,112.094
0.15,0.0377597,-0.0655976,-68.8866,109.128,132.048
0.16,0.0478042,-0.0916105,-72.2226,128.507,150.341
0.17,0.0573694,-0.121443,-75.4023,146.236,167.047
0.18,0.0660555,-0.154795,-78.4345,162.401,182.247
0.19,0.0735361,-0.191349,-81.3274,177.091,196.025
0.2,0.0795505,-0.23078,-84.0886,190.397,208.469
0.21,0.0838974,-0.272763,-86.7253,202.409,219.665
0.22,0.0864275,-0.316982,-89.244,213.214,229.699
0.23,0.0870365,-0.363133,-91.6509,222.9,238.653
0.24,0.085659,-0.410929,-93.9518,231.547,246.606
0.25,0.0822623,-0.460098,-96.1521,239.234,253.635
0.26,0.0768413,-0.510391,-98.2567,246.035,259.81
0.27,0.0694135,-0.561577,-100.271,252.02,265.2
0.28,0.0600152,-0.613445,-102.198,257.254,269.868
0.29,0.0486971,-0.665803,-104.043,261.798,273.873
0.3,0.0355218,-0.718478,-105.809,265.708,277.271
0.31,0.0205608,-0.771316,-107.501,269.039,280.112
0.32,0.00389186,-0.824178,-109.122,271.839,282.446
0.33,-0.0144025,-0.876944,-110.675,274.153,284.315
0.34,-0.0342371,-0.929504,-112.163,276.024,285.761
0.35,-0.055525,-0.981766,-113.589,277.49,286.822
0.36,-0.0781792,-1.03365,-114.955,278.587,287.532
0.37,-0.102113,-1.08508,-116.265,279.348,287.923
0.38,-0.127241,-1.136,-117.522,279.804,288.025
0.39,-0.15348,-1.18636,-118.726,279.982,287.865
0.4,-0.18075,-1.23611,-119.881,279.908,287.467
0.41,-0.20897,-1.28523,-120.989,279.605,286.855
0.42,-0.238068,-1.33368,-122.051,279.095,286.049
0.43,-0.267969,-1.38143,-123.07,278.398,285.068
0.44,-0.298606,-1.42849,-124.047,277.532,283.929
0.45,-0.329912,-1.47482,-124.985,276.513,282.65
0.46,-0.361826,-1.52042,-125.885,275.356,281.244
0.47,-0.394287,-1.56529,-126.748,274.076,279.725
0.48,-0.427241,-1.60942,-127.576,272.685,278.105
0.49,-0.460634,-1.65282,-128.371,271.194,276.395
0.5,-0.494416,-1.69549,-129.133,269.615,274.606
0.51,-0.528541,-1.73743,-129.865,267.957,272.746
0.52,-0.562965,-1.77865,-130.567,266.228,270.824
0.53,-0.597647,-1.81916,-131.241,264.437,268.848
0.54,-0.632548,-1.85897,-131.888,262.592,266.825
0.55,-0.667631,-1.89809,-132.509,260.699,264.761
0.56,-0.702864,-1.93653,-133.105,258.763,262.663
0.57,-0.738215,-1.9743,-133.676,256.791,260.534
0.58,-0.773653,-2.01141,-134.225,254.788,258.381
0.59,-0.809153,-2.04788,-134.752,252.759,256.207
0.6,-0.844687,-2.08373,-135.258,250.707,254.016
0.61,-0.880233,-2.11895,-135.743,248.636,251.813
0.62,-0.915769,-2.15358,-136.209,246.551,249.6
0.63,-0.951272,-2.18762,-136.656,244.453,247.38
0.64,-0.986726,-2.22108,-137.086,242.347,245.156
0.65,-1.02211,-2.25398,-137.498,240.234,242.931
0.66,-1.05741,-2.28633,-137.893,238.117,240.706
0.67,-1.09261,-2.31814,-138.273,235.998,238.484
0.68,-1.1277,-2.34943,-138.637,233.879,236.265
0.69,-1.16266,-2.38021,-138.987,231.763,234.053
0.7,-1.19749,-2.4105,-139.323,229.649,231.848
0.71,-1.23216,-2.4403,-139.646,227.541,229.651
0.72,-1.26667,-2.46962,-139.955,225.438,227.465
0.73,-1.30102,-2.49849,-140.253,223.344,225.289
0.74,-1.33519,-2.5269,-140.538,221.257,223.124
0.75,-1.36917,-2.55488,-140.812,219.18,220.973
0.76,-1.40296,-2.58242,-141.075,217.113,218.834
0.77,-1.43655,-2.60955,-141.327,215.057,216.71
0.78,-1.46993,-2.63627,-141.569,213.013,214.599
0.79,-1.50311,-2.66259,-141.802,210.981,212.504
0.8,-1.53606,-2.68853,-142.025,208.963,210.424
0.81,-1.5688,-2.71408,-142.24,206.957,208.36
0.82,-1.60132,-2.73927,-142.446,204.965,206.312
0.83,-1.63361,-2.76409,-142.643,202.987,204.28
0.84,-1.66566,-2.78856,-142.833,201.024,202.265
0.85,-1.69748,-2.81269,-143.015,199.075,200.267
0.86,-1.72907,-2.83648,-143.19,197.142,198.286
0.87,-1.76042,-2.85994,-143.358,195.223,196.322
0.88,-1.79153,-2.88308,-143.519,193.32,194.375
0.89,-1.82239,-2.9059,-143.673,191.433,192.445
0.9,-1.85302,-2.92842,-143.822,189.561,190.533
0.91,-1.88339,-2.95063,-143.964,187.705,188.638
0.92,-1.91353,-2.97255,-144.101,185.864,186.76
0.93,-1.94341,-2.99418,-144.233,184.04,184.9
0.94,-1.97305,-3.01554,-144.359,182.231,183.057
0.95,-2.00244,-3.03661,-144.48,180.439,181.231
0.96,-2.03159,-3.05741,-144.596,178.662,179.422
0.97,-2.06049,-3.07795,-144.708,176.901,177.631
0.98,-2.08914,-3.09823,-144.815,175.156,175.857
0.99,-2.11754,-3.11826,-144.918,173.427,174.1
1,-2.1457,-3.13803,-145.016,171.714,172.36
1.01,-2.17361,-3.15757,-145.111,170.016,170.636
1.02,-2.20127,-3.17686,-145.202,168.335,168.93
1.03,-2.22869,-3.19591,-145.289,166.668,167.24
1.04,-2.25586,-3.21474,-145.373,165.018,165.567
1.05,-2.2828,-3.23334,-145.454,163.383,163.91
1.06,-2.30949,-3.25171,-145.531,161.763,162.269
1.07,-2.33593,-3.26987,-145.605,160.159,160.644
1.08,-2.36214,-3.28781,-145.676,158.57,159.036
1.09,-2.38811,-3.30554,-145.744,156.996,157.443
1.1,-2.41384,-3.32306,-145.81,155.438,155.867
1.11,-2.43933,-3.34038,-145.873,153.894,154.306
1.12,-2.46459,-3.3575,-145.933,152.365,152.76
1.13,-2.48962,-3.37442,-145.991,150.85,151.23
1.14,-2.51441,-3.39115,-146.047,149.351,149.715
1.15,-2.53897,-3.40768,-146.1,147.865,148.215
1.16,-2.5633,-3.42403,-146.152,146.395,146.73
1.17,-2.5874,-3.4402,-146.201,144.938,145.26
1.18,-2.61127,-3.45618,-146.248,143.496,143.805
1.19,-2.63492,-3.47198,-146.293,142.067,142.364
1.2,-2.65835,-3.48761,-146.337,140.653,140.938
1.21,-2.68155,-3.50306,-146.379,139.253,139.526
1.22,-2.70453,-3.51834,-146.419,137.866,138.128
1.23,-2.7273,-3.53346,-146.457,136.492,136.744
1.24,-2.74984,-3.5484,-146.494,135.133,135.374
1.25,-2.77217,-3.56319,-146.53,133.786,134.018
1.26,-2.79429,-3.57781,-146.564,132.453,132.675
1.27,-2.81619,-3.59227,-146.596,131.133,131.346
1.28,-2.83789,-3.60658,-146.628,129.825,130.03
1.29,-2.85937,-3.62073,-146.658,128.531,128.728
1.3,-2.88065,-3.63473,-146.686,127.25,127.438
1.31,-2.90172,-3.64858,-146.714,125.981,126.162
1.32,-2.92258,-3.66228,-146.741,124.724,124.898
1.33,-2.94325,-3.67583,-146.766,123.48,123.647
1.34,-2.96371,-3.68924,-146.791,122.249,122.409
1.35,-2.98398,-3.7025,-146.814,121.029,121.183
1.36,-3.00405,-3.71563,-146.837,119.822,119.969
1.37,-3.02392,-3.72862,-146.858,118.626,118.768
1.38,-3.0436,-3.74146,-146.879,117.443,117.578
1.39,-3.06308,-3.75418,-146.899,116.271,116.401
1.4,-3.08238,-3.76676,-146.918,115.11,115.235
1.41,-3.10149,-3.7792,-146.936,113.961,114.081
1.42,-3.12041,-3.79152,-146.954,112.824,112.939
1.43,-3.13914,-3.80371,-146.971,111.698,111.808
1.44,-3.15769,-3.81577,-146.987,110.583,110.688
1.45,-3.17606,-3.82771,-147.002,109.479,109.58
1.46,-3.19425,-3.83952,-147.017,108.386,108.483
1.47,-3.21226,-3.8512,-147.031,107.304,107.397
1.48,-3.23009,-3.86277,-147.045,106.232,106.322
1.49,-3.24775,-3.87422,-147.058,105.172,105.257
1.5,-3.26523,-3.88555,-147.071,104.121,104.204
1.51,-3.28255,-3.89676,-147.083,103.082,103.161
1.52,-3.29969,-3.90785,-147.094,102.052,102.128
1.53,-3.31666,-3.91884,-147.105,101.033,101.106
1.54,-3.33346,-3.9297,-147.116,100.024,100.094
1.55,-3.3501,-3.94046,-147.126,99.0251,99.0918
1.56,-3.36657,-3.95111,-147.136,98.036,98.1
1.57,-3.38288,-3.96164,-147.145,97.0568,97.1181
1.58,-3.39903,-3.97207,-147.154,96.0873,96.1461
1.59,-3.41502,-3.98239,-147.163,95.1275,95.1838
1.6,-3.43085,-3.99261,-147.171,94.1773,94.2312
1.61,-3.44652,-4.00272,-147.179,93.2365,93.2882
1.62,-3.46204,-4.01273,-147.187,92.3051,92.3546
1.63,-3.4774,-4.02264,-147.194,91.3829,91.4304
1.64,-3.49262,-4.03244,-147.201,90.47,90.5154
1.65,-3.50768,-4.04215,-147.207,89.5661,89.6097
1.66,-3.52259,-4.05176,-147.214,88.6712,88.713
1.67,-3.53735,-4.06127,-147.22,87.7853,87.8253
1.68,-3.55197,-4.07068,-147.226,86.9082,86.9465
1.69,-3.56644,-4.08,-147.231,86.0398,86.0765
1.7,-3.58077,-4.08922,-147.237,85.1801,85.2152
1.71,-3.59495,-4.09835,-147.242,84.329,84.3626
1.72,-3.609,-4.10739,-147.247,83.4863,83.5185
1.73,-3.6229,-4.11633,-147.251,82.6521,82.6829
1.74,-3.63667,-4.12518,-147.256,81.8262,81.8556
1.75,-3.6503,-4.13395,-147.26,81.0085,81.0367
1.76,-3.66379,-4.14263,-147.264,80.199,80.2259
1.77,-3.67715,-4.15121,-147.268,79.3975,79.4233
1.78,-3.69038,-4.15972,-147.272,78.6041,78.6287
1.79,-3.70347,-4.16813,-147.276,77.8185,77.8421
1.8,-3.71644,-4.17646,-147.279,77.0408,77.0634
1.81,-3.72927,-4.18471,-147.282,76.2709,76.2924
1.82,-3.74198,-4.19287,-147.286,75.5086,75.5292
1.83,-3.75456,-4.20095,-147.289,74.754,74.7736
1.84,-3.76702,-4.20895,-147.291,74.0069,74.0257
1.85,-3.77935,-4.21687,-147.294,73.2672,73.2851
1.86,-3.79156,-4.22471,-147.297,72.5349,72.552
1.87,-3.80364,-4.23247,-147.299,71.8099,71.8263
1.88,-3.81561,-4.24015,-147.302,71.0922,71.1078
1.89,-3.82746,-4.24776,-147.304,70.3816,70.3965
1.9,-3.83919,-4.25529,-147.306,69.6782,69.6924
1.91,-3.8508,-4.26274,-147.308,68.9817,68.9952
1.92,-3.86229,-4.27012,-147.31,68.2922,68.3051
1.93,-3.87367,-4.27742,-147.312,67.6096,67.6219
1.94,-3.88494,-4.28465,-147.314,66.9338,66.9455
1.95,-3.8961,-4.29181,-147.316,66.2648,66.2759
1.96,-3.90714,-4.2989,-147.317,65.6024,65.613
1.97,-3.91807,-4.30591,-147.319,64.9466,64.9567
1.98,-3.9289,-4.31286,-147.32,64.2974,64.307
1.99,-3.93962,-4.31973,-147.322,63.6547,63.6638
2,-3.95023,-4.32654,-147.323,63.0184,63.0271
2.01,-3.96073,-4.33327,-147.324,62.3885,62.3967
2.02,-3.97113,-4.33994,-147.325,61.7648,61.7726
2.03,-3.98142,-4.34655,-147.326,61.1474,61.1548
2.04,-3.99161,-4.35308,-147.328,60.5361,60.5431
2.05,-4.0017,-4.35955,-147.329,59.931,59.9376
2.06,-4.01169,-4.36596,-147.329,59.3319,59.3381
2.07,-4.02158,-4.3723,-147.33,58.7388,58.7447
2.08,-4.03137,-4.37858,-147.331,58.1516,58.1571
2.09,-4.04107,-4.38479,-147.332,57.5703,57.5755
2.1,-4.05066,-4.39095,-147.333,56.9947,56.9997
2.11,-4.06016,-4.39704,-147.334,56.425,56.4296
2.12,-4.06957,-4.40307,-147.334,55.8609,55.8652
2.13,-4.07888,-4.40904,-147.335,55.3024,55.3065
2.14,-4.0881,-4.41495,-147.335,54.7496,54.7534
2.15,-4.09723,-4.4208,-147.336,54.2022,54.2058
2.16,-4.10626,-4.42659,-147.336,53.6604,53.6637
2.17,-4.11521,-4.43233,-147.337,53.1239,53.127
2.18,-4.12406,-4.438,-147.337,52.5928,52.5957
2.19,-4.13283,-4.44362,-147.338,52.067,52.0697
2.2,-4.14151,-4.44919,-147.338,51.5465,51.549
2.21,-4.1501,-4.4547,-147.339,51.0312,51.0335
2.22,-4.15861,-4.46015,-147.339,50.521,50.5231
2.23,-4.16703,-4.46555,-147.339,50.0159,50.0178
2.24,-4.17536,-4.47089,-147.339,49.5159,49.5176
2.25,-4.18362,-4.47618,-147.34,49.0208,49.0224
2.26,-4.19179,-4.48142,-147.34,48.5308,48.5322
2.27,-4.19988,-4.48661,-147.34,48.0456,48.0468
2.28,-4.20789,-4.49174,-147.34,47.5652,47.5663
2.29,-4.21582,-4.49682,-147.34,47.0897,47.0907
2.3,-4.22367,-4.50186,-147.34,46.6189,46.6197
2.31,-4.23144,-4.50684,-147.341,46.1528,46.1535
2.32,-4.23913,-4.51177,-147.341,45.6914,45.692
2.33,-4.24675,-4.51665,-147.341,45.2346,45.2351
2.34,-4.25429,-4.52148,-147.341,44.7824,44.7827
2.35,-4.26175,-4.52627,-147.341,44.3346,44.3349
2.36,-4.26914,-4.53101,-147.341,43.8914,43.8915
2.37,-4.27646,-4.5357,-147.341,43.4526,43.4526
2.38,-4.2837,-4.54034,-147.341,43.0182,43.0181
2.39,-4.29088,-4.54493,-147.341,42.5881,42.5879
2.4,-4.29797,-4.54949,-147.341,42.1623,42.162
2.41,-4.305,-4.55399,-147.341,41.7407,41.7404
2.42,-4.31196,-4.55845,-147.341,41.3234,41.323
2.43,-4.31885,-4.56287,-147.341,40.9103,40.9098
2.44,-4.32567,-4.56724,-147.34,40.5012,40.5007
2.45,-4.33242,-4.57156,-147.34,40.0963,40.0956
2.46,-4.3391,-4.57585,-147.34,39.6954,39.6947
2.47,-4.34572,-4.58009,-147.34,39.2986,39.2977
2.48,-4.35227,-4.58429,-147.34,38.9056,38.9048
2.49,-4.35876,-4.58845,-147.34,38.5167,38.5157
2.5,-4.36518,-4.59256,-147.34,38.1316,38.1306
2.51,-4.37153,-4.59664,-147.34,37.7503,37.7492
2.52,-4.37783,-4.60067,-147.339,37.3729,37.3718
2.53,-4.38406,-4.60466,-147.339,36.9992,36.998
2.54,-4.39022,-4.60862,-147.339,36.6293,36.628
2.55,-4.39633,-4.61253,-147.339,36.263,36.2618
2.56,-4.40237,-4.61641,-147.339,35.9005,35.8992
2.57,-4.40836,-4.62024,-147.338,35.5415,35.5402
2.58,-4.41428,-4.62404,-147.338,35.1862,35.1848
2.59,-4.42015,-4.6278,-147.338,34.8344,34.8329
2.6,-4.42595,-4.63152,-147.338,34.4861,34.4846
2.61,-4.4317,-4.63521,-147.337,34.1413,34.1398
2.62,-4.43739,-4.63885,-147.337,33.7999,33.7984
2.63,-4.44303,-4.64247,-147.337,33.462,33.4604
2.64,-4.44861,-4.64604,-147.337,33.1274,33.1258
2.65,-4.45413,-4.64958,-147.337,32.7962,32.7946
2.66,-4.45959,-4.65309,-147.336,32.4683,32.4666
2.67,-4.46501,-4.65656,-147.336,32.1437,32.142
2.68,-4.47036,-4.65999,-147.336,31.8223,31.8205
2.69,-4.47567,-4.66339,-147.335,31.5041,31.5024
2.7,-4.48092,-4.66676,-147.335,31.1892,31.1873
2.71,-4.48612,-4.67009,-147.335,30.8773,30.8755
2.72,-4.49126,-4.67339,-147.335,30.5686,30.5667
2.73,-4.49636,-4.67666,-147.334,30.263,30.2611
2.74,-4.5014,-4.67989,-147.334,29.9604,29.9585
2.75,-4.5064,-4.68309,-147.334,29.6608,29.6589
2.76,-4.51134,-4.68626,-147.333,29.3643,29.3623
2.77,-4.51623,-4.6894,-147.333,29.0707,29.0687
2.78,-4.52108,-4.69251,-147.333,28.78,28.778
2.79,-4.52588,-4.69558,-147.333,28.4923,28.4903
2.8,-4.53063,-4.69863,-147.332,28.2074,28.2054
2.81,-4.53533,-4.70164,-147.332,27.9254,27.9234
2.82,-4.53998,-4.70463,-147.332,27.6462,27.6441
2.83,-4.54459,-4.70758,-147.331,27.3698,27.3677
2.84,-4.54915,-4.71051,-147.331,27.0961,27.094
2.85,-4.55367,-4.7134,-147.331,26.8252,26.8231
2.86,-4.55814,-4.71627,-147.33,26.557,26.5549
2.87,-4.56256,-4.71911,-147.33,26.2915,26.2893
2.88,-4.56695,-4.72192,-147.33,26.0286,26.0265
2.89,-4.57128,-4.7247,-147.329,25.7684,25.7662
2.9,-4.57558,-4.72745,-147.329,25.5107,25.5085
2.91,-4.57983,-4.73018,-147.329,25.2556,25.2535
2.92,-4.58404,-4.73288,-147.328,25.0031,25.0009
2.93,-4.58821,-4.73555,-147.328,24.7531,24.7509
2.94,-4.59233,-4.7382,-147.328,24.5057,24.5034
2.95,-4.59642,-4.74082,-147.327,24.2606,24.2584
2.96,-4.60046,-4.74341,-147.327,24.0181,24.0158
2.97,-4.60446,-4.74598,-147.327,23.7779,23.7757
2.98,-4.60843,-4.74852,-147.326,23.5402,23.5379
2.99,-4.61235,-4.75103,-147.326,23.3048,23.3025
3,-4.61623,-4.75353,-147.326,23.0718,23.0695
3.01,-4.62008,-4.75599,-147.325,22.8411,22.8388
3.02,-4.62389,-4.75843,-147.325,22.6127,22.6104
3.03,-4.62765,-4.76085,-147.325,22.3866,22.3844
3.04,-4.63139,-4.76324,-147.324,22.1628,22.1605
3.05,-4.63508,-4.76561,-147.324,21.9412,21.9389
3.06,-4.63874,-4.76796,-147.323,21.7219,21.7196
3.07,-4.64236,-4.77028,-147.323,21.5047,21.5024
3.08,-4.64594,-4.77258,-147.323,21.2897,21.2874
3.09,-4.64949,-4.77485,-147.322,21.0768,21.0745
3.1,-4.653,-4.77711,-147.322,20.8661,20.8637
3.11,-4.65648,-4.77934,-147.322,20.6574,20.6551
3.12,-4.65992,-4.78155,-147.321,20.4509,20.4486
3.13,-4.66333,-4.78373,-147.321,20.2464,20.2441
3.14,-4.6667,-4.7859,-147.321,20.044,20.0416
3.15,-4.67004,-4.78804,-147.32,19.8436,19.8412
3.16,-4.67335,-4.79016,-147.32,19.6452,19.6428
3.17,-4.67662,-4.79226,-147.32,19.4487,19.4464
3.18,-4.67986,-4.79434,-147.319,19.2543,19.2519
3.19,-4.68307,-4.7964,-147.319,19.0618,19.0594
3.2,-4.68625,-4.79844,-147.318,18.8712,18.8688
3.21,-4.68939,-4.80045,-147.318,18.6825,18.6801
3.22,-4.69251,-4.80245,-147.318,18.4957,18.4933
3.23,-4.69559,-4.80443,-147.317,18.3108,18.3084
3.24,-4.69864,-4.80639,-147.317,18.1277,18.1253
3.25,-4.70166,-4.80832,-147.317,17.9465,17.9441
3.26,-4.70465,-4.81024,-147.316,17.767,17.7646
3.27,-4.70761,-4.81214,-147.316,17.5894,17.587
3.28,-4.71054,-4.81402,-147.316,17.4135,17.4111
3.29,-4.71345,-4.81588,-147.315,17.2394,17.237
3.3,-4.71632,-4.81773,-147.315,17.067,17.0647
3.31,-4.71916,-4.81955,-147.314,16.8964,16.894
3.32,-4.72198,-4.82136,-147.314,16.7275,16.7251
3.33,-4.72477,-4.82315,-147.314,16.5602,16.5578
3.34,-4.72753,-4.82492,-147.313,16.3946,16.3922
3.35,-4.73026,-4.82667,-147.313,16.2307,16.2283
3.36,-4.73296,-4.82841,-147.313,16.0684,16.066
3.37,-4.73564,-4.83012,-147.312,15.9078,15.9054
3.38,-4.73829,-4.83183,-147.312,15.7487,15.7463
3.39,-4.74091,-4.83351,-147.312,15.5913,15.5889
3.4,-4.74351,-4.83518,-147.311,15.4354,15.433
3.41,-4.74608,-4.83683,-147.311,15.2811,15.2787
3.42,-4.74863,-4.83846,-147.31,15.1283,15.1259
3.43,-4.75115,-4.84008,-147.31,14.9771,14.9746
3.44,-4.75365,-4.84168,-147.31,14.8273,14.8249
3.45,-4.75612,-4.84327,-147.309,14.6791,14.6766
3.46,-4.75856,-4.84483,-147.309,14.5323,14.5299
3.47,-4.76098,-4.84639,-147.309,14.387,14.3846
3.48,-4.76338,-4.84793,-147.308,14.2432,14.2408
3.49,-4.76575,-4.84945,-147.308,14.1008,14.0984
3.5,-4.7681,-4.85096,-147.307,13.9598,13.9574
3.51,-4.77043,-4.85245,-147.307,13.8202,13.8178
3.52,-4.77273,-4.85393,-147.307,13.6821,13.6796
3.53,-4.77501,-4.85539,-147.306,13.5453,13.5428
3.54,-4.77727,-4.85684,-147.306,13.4099,13.4074
3.55,-4.7795,-4.85827,-147.306,13.2758,13.2733
3.56,-4.78172,-4.85969,-147.305,13.143,13.1406
3.57,-4.78391,-4.8611,-147.305,13.0117,13.0092
3.58,-4.78607,-4.86249,-147.305,12.8816,12.8791
3.59,-4.78822,-4.86387,-147.304,12.7528,12.7503
3.6,-4.79034,-4.86523,-147.304,12.6253,12.6228
3.61,-4.79245,-4.86658,-147.303,12.499,12.4966
3.62,-4.79453,-4.86792,-147.303,12.3741,12.3716
3.63,-4.79659,-4.86924,-147.303,12.2504,12.2479
3.64,-4.79863,-4.87055,-147.302,12.1279,12.1254
3.65,-4.80065,-4.87185,-147.302,12.0066,12.0042
3.66,-4.80265,-4.87313,-147.301,11.8866,11.8842
3.67,-4.80463,-4.8744,-147.301,11.7678,11.7653
3.68,-4.80659,-4.87566,-147.301,11.6501,11.6477
3.69,-4.80854,-4.87691,-147.3,11.5336,11.5312
3.7,-4.81046,-4.87814,-147.3,11.4183,11.4159
3.71,-4.81236,-4.87936,-147.3,11.3042,11.3017
3.72,-4.81424,-4.88057,-147.299,11.1912,11.1887
3.73,-4.81611,-4.88177,-147.299,11.0793,11.0768
3.74,-4.81795,-4.88296,-147.298,10.9685,10.966
3.75,-4.81978,-4.88413,-147.298,10.8588,10.8564
3.76,-4.82159,-4.88529,-147.298,10.7503,10.7478
3.77,-4.82338,-4.88644,-147.297,10.6428,10.6403
3.78,-4.82515,-4.88758,-147.297,10.5364,10.5339
3.79,-4.82691,-4.8887,-147.297,10.4311,10.4286
3.8,-4.82865,-4.88982,-147.296,10.3268,10.3243
3.81,-4.83037,-4.89093,-147.296,10.2235,10.2211
3.82,-4.83207,-4.89202,-147.295,10.1213,10.1189
3.83,-4.83376,-4.8931,-147.295,10.0201,10.0177
3.84,-4.83542,-4.89417,-147.295,9.91996,9.91747
3.85,-4.83708,-4.89523,-147.294,9.82077,9.81829
3.86,-4.83871,-4.89628,-147.294,9.72259,9.72009
3.87,-4.84033,-4.89732,-147.294,9.62539,9.62289
3.88,-4.84194,-4.89835,-147.293,9.52916,9.52664
3.89,-4.84352,-4.89937,-147.293,9.4339,9.43136
3.9,-4.8451,-4.90038,-147.292,9.33957,9.33705
3.91,-4.84665,-4.90138,-147.292,9.24621,9.24366
3.92,-4.84819,-4.90237,-147.292,9.15378,9.15122
3.93,-4.84972,-4.90335,-147.291,9.06227,9.0597
3.94,-4.85123,-4.90432,-147.291,8.97165,8.96911
3.95,-4.85272,-4.90528,-147.29,8.88196,8.87941
3.96,-4.8542,-4.90623,-147.29,8.79315,8.79062
3.97,-4.85567,-4.90717,-147.29,8.70523,8.7027
3.98,-4.85712,-4.9081,-147.289,8.61819,8.61567
3.99,-4.85855,-4.90902,-147.289,8.53203,8.52951
4,-4.85997,-4.90994,-147.289,8.44671,8.4442
4.01,-4.86138,-4.91084,-147.288,8.36228,8.35977
4.02,-4.86277,-4.91173,-147.288,8.27868,8.27616
4.03,-4.86415,-4.91262,-147.287,8.19592,8.1934
4.04,-4.86552,-4.9135,-147.287,8.114,8.11145
4.05,-4.86687,-4.91437,-147.287,8.03288,8.03033
4.06,-4.86821,-4.91522,-147.286,7.95255,7.95005
4.07,-4.86953,-4.91608,-147.286,7.87306,7.87054
4.08,-4.87084,-4.91692,-147.285,7.79436,7.79182
4.09,-4.87214,-4.91775,-147.285,7.71642,7.71391
4.1,-4.87343,-4.91858,-147.285,7.63927,7.63676
4.11,-4.8747,-4.91939,-147.284,7.56292,7.5604
4.12,-4.87596,-4.9202,-147.284,7.48731,7.48481
4.13,-4.8772,-4.921,-147.284,7.41246,7.40995
4.14,-4.87844,-4.9218,-147.283,7.33836,7.33586
4.15,-4.87966,-4.92258,-147.283,7.265,7.2625
4.16,-4.88087,-4.92336,-147.282,7.19236,7.18988
4.17,-4.88207,-4.92413,-147.282,7.12046,7.11796
4.18,-4.88326,-4.92489,-147.282,7.04927,7.04679
4.19,-4.88443,-4.92565,-147.281,6.97879,6.97633
4.2,-4.88559,-4.92639,-147.281,6.90902,6.90657
4.21,-4.88674,-4.92713,-147.28,6.83995,6.83748
4.22,-4.88788,-4.92786,-147.28,6.77158,6.76911
4.23,-4.88901,-4.92859,-147.28,6.70389,6.70142
4.24,-4.89013,-4.92931,-147.279,6.63685,6.63441
4.25,-4.89123,-4.93002,-147.279,6.57051,6.56804
4.26,-4.89233,-4.93072,-147.279,6.50484,6.50235
4.27,-4.89341,-4.93142,-147.278,6.43979,6.43733
4.28,-4.89448,-4.9321,-147.278,6.3754,6.37295
4.29,-4.89554,-4.93279,-147.277,6.31168,6.30922
4.3,-4.89659,-4.93346,-147.277,6.24857,6.24612
4.31,-4.89763,-4.93413,-147.277,6.18612,6.18366
4.32,-4.89866,-4.93479,-147.276,6.1243,6.12183
4.33,-4.89968,-4.93545,-147.276,6.06308,6.06059
4.34,-4.90069,-4.9361,-147.276,6.00249,5.99997
4.35,-4.90169,-4.93674,-147.275,5.94247,5.93995
4.36,-4.90268,-4.93738,-147.275,5.88307,5.88056
4.37,-4.90366,-4.938,-147.274,5.82424,5.82177
4.38,-4.90463,-4.93863,-147.274,5.76603,5.76353
4.39,-4.90559,-4.93924,-147.274,5.7084,5.70589
4.4,-4.90654,-4.93986,-147.273,5.65134,5.64881
4.41,-4.90749,-4.94046,-147.273,5.59485,5.5923
4.42,-4.90842,-4.94106,-147.272,5.53893,5.53635
4.43,-4.90934,-4.94165,-147.272,5.48355,5.48099
4.44,-4.91025,-4.94224,-147.272,5.42874,5.42618
4.45,-4.91116,-4.94282,-147.271,5.37445,5.37193
4.46,-4.91205,-4.94339,-147.271,5.32075,5.31818
4.47,-4.91294,-4.94396,-147.271,5.26757,5.26499
4.48,-4.91382,-4.94453,-147.27,5.21492,5.21234
4.49,-4.91468,-4.94509,-147.27,5.1628,5.16018
4.5,-4.91554,-4.94564,-147.269,5.11117,5.10859
4.51,-4.91639,-4.94619,-147.269,5.06006,5.0575
4.52,-4.91724,-4.94673,-147.269,5.00949,5.00691
4.53,-4.91807,-4.94726,-147.268,4.9594,4.95685
4.54,-4.9189,-4.94779,-147.268,4.90984,4.90728
4.55,-4.91971,-4.94832,-147.267,4.86077,4.85819
4.56,-4.92052,-4.94884,-147.267,4.81218,4.80958
4.57,-4.92133,-4.94935,-147.267,4.76408,4.76149
4.58,-4.92212,-4.94986,-147.266,4.71646,4.71389
4.59,-4.9229,-4.95037,-147.266,4.66933,4.66672
4.6,-4.92368,-4.95087,-147.265,4.62264,4.62005
4.61,-4.92445,-4.95136,-147.265,4.57644,4.57382
4.62,-4.92521,-4.95185,-147.265,4.53067,4.52809
4.63,-4.92597,-4.95234,-147.264,4.48539,4.4828
4.64,-4.92671,-4.95282,-147.264,4.44056,4.43796
4.65,-4.92745,-4.95329,-147.263,4.39616,4.39359
4.66,-4.92819,-4.95376,-147.263,4.3522,4.34964
4.67,-4.92891,-4.95423,-147.263,4.30869,4.30614
4.68,-4.92963,-4.95469,-147.262,4.26562,4.26306
4.69,-4.93034,-4.95515,-147.262,4.22299,4.22044
4.7,-4.93104,-4.9556,-147.261,4.18075,4.17826
4.71,-4.93174,-4.95605,-147.261,4.13896,4.13645
4.72,-4.93243,-4.95649,-147.261,4.09756,4.09508
4.73,-4.93311,-4.95693,-147.26,4.05661,4.05412
4.74,-4.93378,-4.95736,-147.26,4.01606,4.01357
4.75,-4.93445,-4.95779,-147.26,3.97589,3.97345
4.76,-4.93511,-4.95822,-147.259,3.93612,3.93374
4.77,-4.93577,-4.95864,-147.259,3.89675,3.89442
4.78,-4.93642,-4.95906,-147.258,3.85778,3.85549
4.79,-4.93706,-4.95947,-147.258,3.81922,3.81691
4.8,-4.9377,-4.95988,-147.258,3.78105,3.77872
4.81,-4.93833,-4.96029,-147.257,3.74329,3.74088
4.82,-4.93895,-4.96069,-147.257,3.70587,3.70347
4.83,-4.93957,-4.96108,-147.257,3.66885,3.66641
4.84,-4.94018,-4.96148,-147.256,3.63219,3.62973
4.85,-4.94078,-4.96186,-147.256,3.59586,3.59343
4.86,-4.94138,-4.96225,-147.256,3.55995,3.55748
4.87,-4.94197,-4.96263,-147.255,3.52438,3.5219
4.88,-4.94256,-4.96301,-147.255,3.48918,3.48666
4.89,-4.94314,-4.96338,-147.254,3.45431,3.4518
4.9,-4.94372,-4.96375,-147.254,3.41981,3.41726
4.91,-4.94428,-4.96412,-147.254,3.3856,3.3831
4.92,-4.94485,-4.96448,-147.253,3.35175,3.34926
4.93,-4.94541,-4.96484,-147.253,3.31826,3.31575
4.94,-4.94596,-4.96519,-147.252,3.28506,3.28261
4.95,-4.94651,-4.96555,-147.252,3.25222,3.2498
4.96,-4.94705,-4.96589,-147.252,3.21969,3.2173
4.97,-4.94758,-4.96624,-147.251,3.18752,3.18513
4.98,-4.94811,-4.96658,-147.251,3.15565,3.15327
4.99,-4.94864,-4.96692,-147.251,3.1241,3.12173
5,-4.94916,-4.96725,-147.25,3.09285,3.0905
5.01,-4.94967,-4.96758,-147.25,3.06198,3.05954
5.02,-4.95018,-4.96791,-147.25,3.03142,3.02889
5.03,-4.95069,-4.96824,-147.249,3.00109,2.99861
5.04,-4.95119,-4.96856,-147.249,2.97106,2.96864
5.05,-4.95168,-4.96888,-147.248,2.94137,2.93893
5.06,-4.95217,-4.96919,-147.248,2.91198,2.90953
5.07,-4.95266,-4.9695,-147.248,2.88292,2.88038
5.08,-4.95314,-4.96981,-147.247,2.85411,2.85155
5.09,-4.95361,-4.97012,-147.247,2.8256,2.82302
5.1,-4.95408,-4.97042,-147.246,2.79734,2.79481
5.11,-4.95455,-4.97072,-147.246,2.76941,2.76685
5.12,-4.95501,-4.97101,-147.246,2.74174,2.73919
5.13,-4.95546,-4.97131,-147.245,2.71433,2.71177
5.14,-4.95592,-4.9716,-147.245,2.68717,2.68467
5.15,-4.95636,-4.97189,-147.245,2.66026,2.65787
5.16,-4.95681,-4.97217,-147.244,2.63371,2.63125
5.17,-4.95724,-4.97245,-147.244,2.60744,2.60488
5.18,-4.95768,-4.97273,-147.243,2.58141,2.57881
5.19,-4.95811,-4.97301,-147.243,2.55556,2.55305
5.2,-4.95853,-4.97328,-147.243,2.52999,2.52753
5.21,-4.95895,-4.97355,-147.242,2.5047,2.50225
5.22,-4.95937,-4.97382,-147.242,2.47968,2.47721
5.23,-4.95978,-4.97409,-147.241,2.45493,2.45241
5.24,-4.96019,-4.97435,-147.241,2.43037,2.42792
5.25,-4.9606,-4.97461,-147.241,2.40612,2.4036
5.26,-4.961,-4.97487,-147.24,2.38205,2.37958
5.27,-4.96139,-4.97512,-147.24,2.35828,2.35574
5.28,-4.96179,-4.97538,-147.24,2.33469,2.3322
5.29,-4.96217,-4.97563,-147.239,2.31132,2.3089
5.3,-4.96256,-4.97587,-147.239,2.28826,2.28576
5.31,-4.96294,-4.97612,-147.238,2.26541,2.26286
5.32,-4.96332,-4.97636,-147.238,2.24278,2.2402
5.33,-4.96369,-4.9766,-147.238,2.22035,2.21778
5.34,-4.96406,-4.97684,-147.237,2.19814,2.1956
5.35,-4.96443,-4.97707,-147.237,2.17614,2.17365
5.36,-4.96479,-4.97731,-147.237,2.15435,2.15193
5.37,-4.96515,-4.97754,-147.236,2.13278,2.13046
5.38,-4.9655,-4.97777,-147.236,2.11146,2.10914
5.39,-4.96585,-4.97799,-147.235,2.09035,2.08806
5.4,-4.9662,-4.97822,-147.235,2.06949,2.06714
5.41,-4.96655,-4.97844,-147.235,2.04885,2.04645
5.42,-4.96689,-4.97866,-147.234,2.02835,2.02601
5.43,-4.96722,-4.97888,-147.234,2.0081,2.00572
5.44,-4.96756,-4.97909,-147.234,1.98799,1.98567
5.45,-4.96789,-4.9793,-147.233,1.96814,1.96578
5.46,-4.96822,-4.97951,-147.233,1.94843,1.94613
5.47,-4.96854,-4.97972,-147.233,1.92898,1.92664
5.48,-4.96886,-4.97993,-147.232,1.90967,1.90738
5.49,-4.96918,-4.98013,-147.232,1.89061,1.88828
5.5,-4.96949,-4.98034,-147.232,1.87169,1.86943
5.51,-4.96981,-4.98054,-147.231,1.85297,1.85073
5.52,-4.97011,-4.98074,-147.231,1.8345,1.83218
5.53,-4.97042,-4.98093,-147.23,1.81621,1.81379
5.54,-4.97072,-4.98113,-147.23,1.79806,1.79565
5.55,-4.97102,-4.98132,-147.23,1.7801,1.77766
5.56,-4.97132,-4.98151,-147.229,1.76228,1.75992
5.57,-4.97161,-4.9817,-147.229,1.74465,1.74233
5.58,-4.9719,-4.98189,-147.229,1.7272,1.7249
5.59,-4.97219,-4.98207,-147.228,1.70994,1.70763
5.6,-4.97247,-4.98225,-147.228,1.69287,1.69051
5.61,-4.97275,-4.98243,-147.228,1.67599,1.67355
5.62,-4.97303,-4.98261,-147.227,1.6593,1.65674
5.63,-4.97331,-4.98279,-147.227,1.64279,1.6401
5.64,-4.97358,-4.98297,-147.226,1.62634,1.62371
5.65,-4.97385,-4.98314,-147.226,1.61007,1.60748
5.66,-4.97412,-4.98331,-147.226,1.594,1.5914
5.67,-4.97439,-4.98349,-147.225,1.57804,1.57548
5.68,-4.97465,-4.98365,-147.225,1.56227,1.55973
5.69,-4.97491,-4.98382,-147.224,1.54675,1.54402
5.7,-4.97517,-4.98399,-147.224,1.53128,1.52858
5.71,-4.97542,-4.98415,-147.224,1.51606,1.5132
5.72,-4.97567,-4.98431,-147.223,1.50089,1.49808
5.73,-4.97592,-4.98447,-147.223,1.48597,1.48302
5.74,-4.97617,-4.98463,-147.222,1.47116,1.46812
5.75,-4.97641,-4.98479,-147.222,1.4564,1.4535
5.76,-4.97666,-4.98495,-147.221,1.44189,1.43893
5.77,-4.9769,-4.9851,-147.221,1.4275,1.42452
5.78,-4.97713,-4.98525,-147.22,1.41321,1.41027
5.79,-4.97737,-4.9854,-147.22,1.39903,1.3962
5.8,-4.9776,-4.98555,-147.22,1.38512,1.38217
5.81,-4.97783,-4.9857,-147.219,1.37131,1.36831
5.82,-4.97806,-4.98585,-147.219,1.35761,1.35462
5.83,-4.97829,-4.986,-147.218,1.34402,1.3411
5.84,-4.97851,-4.98614,-147.218,1.33054,1.32775
5.85,-4.97873,-4.98628,-147.217,1.31724,1.31445
5.86,-4.97895,-4.98642,-147.217,1.30405,1.30132
5.87,-4.97917,-4.98656,-147.216,1.29097,1.28836
5.88,-4.97938,-4.9867,-147.216,1.27807,1.27546
5.89,-4.97959,-4.98684,-147.216,1.26528,1.26272
5.9,-4.9798,-4.98697,-147.215,1.25267,1.25004
5.91,-4.98001,-4.98711,-147.215,1.24017,1.23753
5.92,-4.98022,-4.98724,-147.214,1.22786,1.22508
5.93,-4.98042,-4.98737,-147.214,1.21547,1.21294
5.94,-4.98062,-4.9875,-147.214,1.20328,1.20085
5.95,-4.98082,-4.98763,-147.213,1.19128,1.18881
5.96,-4.98102,-4.98776,-147.213,1.17946,1.17682
5.97,-4.98122,-4.98788,-147.213,1.16757,1.16516
5.98,-4.98141,-4.98801,-147.212,1.15587,1.15355
5.99,-4.9816,-4.98813,-147.212,1.14436,1.14197
6,-4.98179,-4.98826,-147.212,1.13286,1.13061
6.01,-4.98198,-4.98838,-147.211,1.12155,1.11928
6.02,-4.98217,-4.9885,-147.211,1.11044,1.108
6.03,-4.98235,-4.98862,-147.21,1.09933,1.09693
6.04,-4.98254,-4.98873,-147.21,1.08842,1.08591
6.05,-4.98272,-4.98885,-147.21,1.07751,1.07509
6.06,-4.9829,-4.98897,-147.209,1.06689,1.06418
6.07,-4.98307,-4.98908,-147.209,1.05627,1.05348
6.08,-4.98325,-4.98919,-147.208,1.04565,1.04299
6.09,-4.98342,-4.98931,-147.208,1.03522,1.03254
6.1,-4.9836,-4.98942,-147.208,1.0249,1.02217
6.11,-4.98377,-4.98953,-147.207,1.01457,1.01201
6.12,-4.98394,-4.98963,-147.207,1.00445,1.00189
6.13,-4.9841,-4.98974,-147.206,0.994423,0.991838
6.14,-4.98427,-4.98985,-147.206,0.98439,0.982006
6.15,-4.98443,-4.98995,-147.206,0.974674,0.972056
6.16,-4.98459,-4.99006,-147.205,0.964946,0.962329
6.17,-4.98475,-4.99016,-147.205,0.955318,0.952674
6.18,-4.98491,-4.99026,-147.204,0.945676,0.943246
6.19,-4.98507,-4.99037,-147.204,0.936137,0.933886
6.2,-4.98523,-4.99047,-147.204,0.926927,0.924395
6.21,-4.98538,-4.99057,-147.203,0.917696,0.915136
6.22,-4.98553,-4.99066,-147.203,0.908565,0.905951
6.23,-4.98568,-4.99076,-147.203,0.899534,0.896836
6.24,-4.98583,-4.99086,-147.202,0.890606,0.887791
6.25,-4.98598,-4.99095,-147.202,0.881776,0.878818
6.26,-4.98613,-4.99105,-147.201,0.872921,0.870084
6.27,-4.98627,-4.99114,-147.201,0.864168,0.86142
6.28,-4.98642,-4.99123,-147.2,0.85552,0.852821
6.29,-4.98656,-4.99132,-147.2,0.846975,0.844293
6.3,-4.9867,-4.99142,-147.2,0.838533,0.835833
6.31,-4.98684,-4.9915,-147.199,0.830192,0.827443
6.32,-4.98698,-4.99159,-147.199,0.821953,0.819124
6.33,-4.98711,-4.99168,-147.198,0.813816,0.810875
6.34,-4.98725,-4.99177,-147.198,0.805521,0.802929
6.35,-4.98738,-4.99186,-147.197,0.797476,0.794865
6.36,-4.98751,-4.99194,-147.197,0.789535,0.78687
6.37,-4.98764,-4.99202,-147.197,0.781695,0.778945
6.38,-4.98777,-4.99211,-147.196,0.773959,0.771088
6.39,-4.9879,-4.99219,-147.196,0.766052,0.763548
6.4,-4.98803,-4.99227,-147.195,0.758404,0.755882
6.41,-4.98816,-4.99235,-147.195,0.750859,0.748283
6.42,-4.98828,-4.99244,-147.195,0.743418,0.740753
6.43,-4.9884,-4.99252,-147.194,0.735952,0.733354
6.44,-4.98853,-4.99259,-147.194,0.72859,0.726023
6.45,-4.98865,-4.99267,-147.193,0.721333,0.718757
6.46,-4.98877,-4.99275,-147.193,0.714052,0.711623
6.47,-4.98889,-4.99283,-147.193,0.706877,0.704555
6.48,-4.989,-4.9929,-147.192,0.699973,0.697347
6.49,-4.98912,-4.99298,-147.192,0.692869,0.690485
6.5,-4.98923,-4.99305,-147.192,0.686042,0.683478
6.51,-4.98935,-4.99312,-147.191,0.67901,0.676822
6.52,-4.98946,-4.9932,-147.191,0.672264,0.670013
6.53,-4.98957,-4.99327,-147.191,0.665483,0.663344
6.54,-4.98968,-4.99334,-147.19,0.658808,0.65674
6.55,-4.98979,-4.99341,-147.19,0.65242,0.649981
6.56,-4.9899,-4.99348,-147.189,0.645989,0.643372
6.57,-4.99001,-4.99355,-147.189,0.639339,0.637128
6.58,-4.99012,-4.99362,-147.189,0.632987,0.630717
6.59,-4.99022,-4.99369,-147.188,0.626594,0.624454
6.6,-4.99032,-4.99375,-147.188,0.620497,0.618026
6.61,-4.99043,-4.99382,-147.188,0.614164,0.61198
6.62,-4.99053,-4.99389,-147.187,0.608137,0.60576
6.63,-4.99063,-4.99395,-147.187,0.602065,0.599692
6.64,-4.99073,-4.99402,-147.187,0.595947,0.593775
6.65,-4.99083,-4.99408,-147.186,0.590143,0.587676
6.66,-4.99093,-4.99414,-147.186,0.584287,0.581735
6.67,-4.99103,-4.9942,-147.186,0.578381,0.575949
6.68,-4.99112,-4.99427,-147.185,0.572588,0.570223
6.69,-4.99122,-4.99433,-147.185,0.566749,0.564648
6.7,-4.99131,-4.99439,-147.185,0.560863,0.559227
6.71,-4.9914,-4.99445,-147.184,0.555307,0.553608
6.72,-4.9915,-4.99451,-147.184,0.549696,0.548149
6.73,-4.99159,-4.99457,-147.184,0.544036,0.542846
6.74,-4.99168,-4.99463,-147.184,0.538544,0.53744
6.75,-4.99177,-4.99468,-147.184,0.533389,0.531829
6.76,-4.99186,-4.99474,-147.183,0.528171,0.526387
6.77,-4.99194,-4.9948,-147.183,0.522892,0.521113
6.78,-4.99203,-4.99485,-147.183,0.51755,0.516007
6.79,-4.99212,-4.99491,-147.183,0.51256,0.510681
6.8,-4.9922,-4.99496,-147.182,0.507502,0.505529
6.81,-4.99229,-4.99502,-147.182,0.50262,0.500267
6.82,-4.99237,-4.99507,-147.181,0.497668,0.495181
6.83,-4.99245,-4.99513,-147.181,0.492646,0.490271
6.84,-4.99253,-4.99518,-147.181,0.487558,0.485532
6.85,-4.99261,-4.99523,-147.181,0.482405,0.480965
6.86,-4.99269,-4.99528,-147.18,0.477449,0.476267
6.87,-4.99277,-4.99533,-147.18,0.472869,0.471325
6.88,-4.99285,-4.99538,-147.18,0.46821,0.466567
6.89,-4.99293,-4.99543,-147.18,0.46374,0.461686
6.9,-4.99301,-4.99548,-147.179,0.459187,0.456995
6.91,-4.99308,-4.99553,-147.179,0.454553,0.45249
6.92,-4.99316,-4.99558,-147.179,0.450119,0.447851
6.93,-4.99323,-4.99563,-147.178,0.445603,0.443401
6.94,-4.99331,-4.99568,-147.178,0.441282,0.438821
6.95,-4.99338,-4.99572,-147.178,0.436878,0.43443
6.96,-4.99345,-4.99577,-147.177,0.432676,0.429902
6.97,-4.99352,-4.99582,-147.177,0.428385,0.425571
6.98,-4.9936,-4.99586,-147.176,0.424004,0.421435
6.99,-4.99367,-4.99591,-147.176,0.419834,0.417153
7,-4.99374,-4.99595,-147.175,0.415876,0.412726
7.01,-4.9938,-4.996,-147.175,0.41182,0.408504
7.02,-4.99387,-4.99604,-147.174,0.407972,0.404138
7.03,-4.99394,-4.99608,-147.174,0.404024,0.399979
7.04,-4.99401,-4.99613,-147.173,0.400294,0.395668
7.05,-4.99407,-4.99617,-147.172,0.396453,0.391572
7.06,-4.99414,-4.99621,-147.172,0.392289,0.387841
7.07,-4.9942,-4.99625,-147.171,0.38803,0.384311
7.08,-4.99427,-4.9963,-147.17,0.38401,0.380608
7.09,-4.99433,-4.99634,-147.17,0.380221,0.376739
7.1,-4.99439,-4.99638,-147.169,0.376327,0.373082
7.11,-4.99446,-4.99642,-147.169,0.372669,0.369254
7.12,-4.99452,-4.99646,-147.168,0.369246,0.365258
7.13,-4.99458,-4.9965,-147.168,0.365109,0.362055
7.14,-4.99464,-4.99654,-147.167,0.36123,0.358659
7.15,-4.9947,-4.99658,-147.167,0.357598,0.355085
7.16,-4.99476,-4.99661,-147.167,0.354214,0.351326
7.17,-4.99482,-4.99665,-147.166,0.350703,0.347801
7.18,-4.99488,-4.99669,-147.166,0.347442,0.344092
7.19,-4.99493,-4.99673,-147.165,0.343798,0.340806
7.2,-4.99499,-4.99676,-147.165,0.340415,0.337325
7.21,-4.99505,-4.9968,-147.164,0.336898,0.334084
7.22,-4.9951,-4.99684,-147.164,0.333648,0.330642
7.23,-4.99516,-4.99687,-147.163,0.33,0.327638
7.24,-4.99521,-4.99691,-147.163,0.326627,0.324425
7.25,-4.99527,-4.99694,-147.163,0.323521,0.321011
7.26,-4.99532,-4.99698,-147.162,0.32068,0.317397
7.27,-4.99537,-4.99701,-147.162,0.316999,0.314704
7.28,-4.99543,-4.99704,-147.162,0.313608,0.311787
7.29,-4.99548,-4.99708,-147.161,0.310503,0.30865
7.3,-4.99553,-4.99711,-147.161,0.307678,0.305298
7.31,-4.99558,-4.99714,-147.161,0.304409,0.302431
7.32,-4.99563,-4.99718,-147.16,0.301436,0.299333
7.33,-4.99568,-4.99721,-147.16,0.298747,0.296017
7.34,-4.99573,-4.99724,-147.16,0.295597,0.293203
7.35,-4.99578,-4.99727,-147.159,0.292753,0.290148
7.36,-4.99583,-4.9973,-147.159,0.290201,0.286868
7.37,-4.99588,-4.99733,-147.158,0.287175,0.284101
7.38,-4.99592,-4.99736,-147.158,0.284457,0.281092
7.39,-4.99597,-4.9974,-147.157,0.282043,0.277846
7.4,-4.99602,-4.99743,-147.156,0.279132,0.275136
7.41,-4.99606,-4.99746,-147.156,0.27654,0.272173
7.42,-4.99611,-4.99748,-147.155,0.274263,0.268961
7.43,-4.99616,-4.99751,-147.154,0.271474,0.266302
7.44,-4.9962,-4.99754,-147.153,0.269008,0.263384
7.45,-4.99624,-4.99757,-147.153,0.266024,0.261026
7.46,-4.99629,-4.9976,-147.152,0.263381,0.258392
7.47,-4.99633,-4.99763,-147.151,0.261075,0.255487
7.48,-4.99638,-4.99766,-147.15,0.258228,0.253163
7.49,-4.99642,-4.99768,-147.149,0.255729,0.250556
7.5,-4.99646,-4.99771,-147.149,0.252685,0.248536
7.51,-4.9965,-4.99774,-147.148,0.250007,0.246215
7.52,-4.99654,-4.99776,-147.147,0.247685,0.243603
7.53,-4.99658,-4.99779,-147.147,0.245362,0.240993
7.54,-4.99662,-4.99782,-147.146,0.243396,0.238092
7.55,-4.99666,-4.99784,-147.145,0.240837,0.235824
7.56,-4.9967,-4.99787,-147.144,0.238651,0.233249
7.57,-4.99674,-4.99789,-147.144,0.235865,0.231313
7.58,-4.99678,-4.99792,-147.143,0.233468,0.229054
7.59,-4.99682,-4.99794,-147.143,0.230464,0.227444
7.6,-4.99686,-4.99797,-147.142,0.228482,0.224836
7.61,-4.9969,-4.99799,-147.142,0.225863,0.222906
7.62,-4.99693,-4.99802,-147.141,0.22365,0.220635
7.63,-4.99697,-4.99804,-147.141,0.220792,0.21905
7.64,-4.99701,-4.99806,-147.141,0.218353,0.217112
7.65,-4.99704,-4.99809,-147.141,0.215923,0.215164
7.66,-4.99708,-4.99811,-147.14,0.213908,0.212868
7.67,-4.99711,-4.99813,-147.14,0.211211,0.211293
7.68,-4.99715,-4.99816,-147.14,0.208947,0.209351
7.69,-4.99718,-4.99818,-147.141,0.206691,0.207403
7.7,-4.99722,-4.9982,-147.141,0.204864,0.205089
7.71,-4.99725,-4.99822,-147.141,0.202321,0.203533
7.72,-4.99729,-4.99825,-147.141,0.200226,0.201595
7.73,-4.99732,-4.99827,-147.141,0.198131,0.199656
7.74,-4.99735,-4.99829,-147.141,0.196487,0.197332
7.75,-4.99739,-4.99831,-147.142,0.194082,0.195809
7.76,-4.99742,-4.99833,-147.142,0.192907,0.193082
7.77,-4.99745,-4.99835,-147.142,0.190943,0.191185
7.78,-4.99748,-4.99837,-147.142,0.189452,0.18888
7.79,-4.99751,-4.99839,-147.141,0.187947,0.186589
7.8,-4.99754,-4.99841,-147.141,0.185636,0.185144
7.81,-4.99757,-4.99843,-147.141,0.183822,0.183268
7.82,-4.99761,-4.99845,-147.141,0.182009,0.181392
7.83,-4.99764,-4.99847,-147.141,0.180691,0.179086
7.84,-4.99767,-4.99849,-147.141,0.178519,0.177674
7.85,-4.99769,-4.99851,-147.141,0.176358,0.176251
7.86,-4.99772,-4.99853,-147.141,0.174724,0.174366
7.87,-4.99775,-4.99855,-147.141,0.17221,0.173403
7.88,-4.99778,-4.99857,-147.141,0.17113,0.171031
7.89,-4.99781,-4.99858,-147.141,0.169135,0.169613
7.9,-4.99784,-4.9986,-147.141,0.167148,0.168189
7.91,-4.99787,-4.99862,-147.141,0.165716,0.166274
7.92,-4.99789,-4.99864,-147.142,0.163341,0.165343
7.93,-4.99792,-4.99866,-147.142,0.162492,0.162912
7.94,-4.99795,-4.99867,-147.142,0.160665,0.161499
7.95,-4.99797,-4.99869,-147.142,0.158841,0.160083
7.96,-4.998,-4.99871,-147.142,0.157605,0.158145
7.97,-4.99803,-4.99872,-147.142,0.15636,0.156216
7.98,-4.99805,-4.99874,-147.142,0.154091,0.15535
7.99,-4.99808,-4.99876,-147.142,0.153473,0.15286
8,-4.99811,-4.99878,-147.142,0.151792,0.151473
8.01,-4.99813,-4.99879,-147.142,0.149057,0.151179
8.02,-4.99816,-4.99881,-147.143,0.14805,0.149184
8.03,-4.99818,-4.99882,-147.143,0.145948,0.148324
8.04,-4.9982,-4.99884,-147.143,0.145604,0.145732
8.05,-4.99823,-4.99885,-147.143,0.144113,0.144326
8.06,-4.99825,-4.99887,-147.143,0.142627,0.142916
8.07,-4.99828,-4.99889,-147.143,0.141811,0.140901
8.08,-4.9983,-4.9989,-147.143,0.140981,0.138901
8.09,-4.99832,-4.99892,-147.142,0.138963,0.138129
8.1,-4.99835,-4.99893,-147.142,0.136957,0.137344
8.11,-4.99837,-4.99895,-147.142,0.135671,0.135906
8.12,-4.99839,-4.99896,-147.142,0.134387,0.134465
8.13,-4.99841,-4.99897,-147.143,0.131849,0.134319
8.14,-4.99844,-4.99899,-147.143,0.131343,0.132167
8.15,-4.99846,-4.999,-147.143,0.12953,0.13136
8.16,-4.99848,-4.99902,-147.144,0.127727,0.130545
8.17,-4.9985,-4.99903,-147.144,0.126701,0.129018
8.18,-4.99852,-4.99904,-147.144,0.125669,0.127498
8.19,-4.99854,-4.99906,-147.145,0.124625,0.12599
8.2,-4.99856,-4.99907,-147.145,0.1222,0.125902
8.21,-4.99858,-4.99908,-147.145,0.122005,0.123611
8.22,-4.9986,-4.9991,-147.146,0.120368,0.122801
8.23,-4.99862,-4.99911,-147.146,0.118738,0.121984
8.24,-4.99864,-4.99912,-147.147,0.117957,0.120385
8.25,-4.99866,-4.99914,-147.147,0.117164,0.118797
8.26,-4.99868,-4.99915,-147.147,0.116363,0.117217
8.27,-4.9987,-4.99916,-147.147,0.114026,0.117214
8.28,-4.99872,-4.99917,-147.148,0.114156,0.114769
8.29,-4.99874,-4.99919,-147.148,0.112681,0.113969
8.3,-4.99876,-4.9992,-147.148,0.111213,0.113163
8.31,-4.99878,-4.99921,-147.148,0.109749,0.112351
8.32,-4.9988,-4.99922,-147.149,0.10924,0.110652
8.33,-4.99882,-4.99924,-147.149,0.108714,0.108969
8.34,-4.99883,-4.99925,-147.149,0.106476,0.109038
8.35,-4.99885,-4.99926,-147.15,0.104261,0.109085
8.36,-4.99887,-4.99927,-147.15,0.104824,0.106379
8.37,-4.99889,-4.99928,-147.15,0.103567,0.105533
8.38,-4.99891,-4.99929,-147.151,0.102314,0.104683
8.39,-4.99892,-4.9993,-147.152,0.0992219,0.105713
8.4,-4.99894,-4.99931,-147.152,0.0991065,0.103791
8.41,-4.99896,-4.99933,-147.153,0.0989665,0.101894
8.42,-4.99897,-4.99934,-147.154,0.0968773,0.101987
8.43,-4.99899,-4.99935,-147.155,0.094806,0.102061
8.44,-4.99901,-4.99936,-147.155,0.0958792,0.0990169
8.45,-4.99902,-4.99937,-147.156,0.0948847,0.0980804
8.46,-4.99904,-4.99938,-147.156,0.0938879,0.0971463
8.47,-4.99905,-4.99939,-147.157,0.092889,0.0962143
8.48,-4.99907,-4.9994,-147.158,0.0897531,0.0974593
8.49,-4.99909,-4.99941,-147.159,0.0900544,0.095293
8.5,-4.9991,-4.99942,-147.159,0.0903289,0.0931534
8.51,-4.99912,-4.99943,-147.16,0.0883369,0.0933205
8.52,-4.99913,-4.99944,-147.161,0.0863561,0.0934764
8.53,-4.99915,-4.99945,-147.161,0.0880337,0.0899997
8.54,-4.99916,-4.99946,-147.162,0.0872995,0.0889749
8.55,-4.99918,-4.99947,-147.162,0.0865608,0.0879545
8.56,-4.99919,-4.99948,-147.162,0.0858177,0.0869386
8.57,-4.9992,-4.99949,-147.163,0.0825778,0.0884595
8.58,-4.99922,-4.9995,-147.163,0.0833473,0.0859969
8.59,-4.99923,-4.9995,-147.163,0.0840877,0.0835634
8.6,-4.99925,-4.99951,-147.163,0.0848058,0.0811521
8.61,-4.99926,-4.99952,-147.162,0.0828193,0.0814856
8.62,-4.99927,-4.99953,-147.163,0.0808507,0.0818012
8.63,-4.99929,-4.99954,-147.162,0.0832535,0.0777711
8.64,-4.9993,-4.99955,-147.161,0.0827774,0.0766601
8.65,-4.99931,-4.99956,-147.16,0.0823036,0.0755468
8.66,-4.99933,-4.99957,-147.159,0.0818275,0.0744357
8.67,-4.99934,-4.99957,-147.157,0.0813581,0.073318
8.68,-4.99935,-4.99958,-147.157,0.0778219,0.075307
8.69,-4.99937,-4.99959,-147.156,0.0792072,0.0724006
8.7,-4.99938,-4.9996,-147.154,0.0805767,0.0695098
8.71,-4.99939,-4.99961,-147.153,0.0786695,0.0699359
8.72,-4.9994,-4.99961,-147.152,0.0767846,0.0703396
8.73,-4.99942,-4.99962,-147.151,0.0749198,0.0707232
8.74,-4.99943,-4.99963,-147.151,0.0730684,0.0710934
8.75,-4.99944,-4.99964,-147.15,0.0732124,0.0695342
8.76,-4.99945,-4.99965,-147.15,0.0733498,0.0679816
8.77,-4.99946,-4.99965,-147.149,0.0734871,0.066429
8.78,-4.99948,-4.99966,-147.147,0.0736245,0.0648764
8.79,-4.99949,-4.99967,-147.147,0.0698994,0.0672263
8.8,-4.9995,-4.99968,-147.147,0.066201,0.0695494
8.81,-4.99951,-4.99968,-147.147,0.0688099,0.0655912
8.82,-4.99952,-4.99969,-147.145,0.0714031,0.0616487
8.83,-4.99953,-4.9997,-147.144,0.0697584,0.0619841
8.84,-4.99954,-4.9997,-147.143,0.0681293,0.0623039
8.85,-4.99955,-4.99971,-147.143,0.0665091,0.0626148
8.86,-4.99956,-4.99972,-147.142,0.0648957,0.062919
8.87,-4.99957,-4.99972,-147.142,0.0632889,0.0632165
8.88,-4.99959,-4.99973,-147.142,0.0643347,0.0609273
8.89,-4.9996,-4.99974,-147.141,0.0653828,0.0586359
8.9,-4.99961,-4.99974,-147.139,0.0664398,0.0563355
8.91,-4.99962,-4.99975,-147.137,0.067508,0.0540239
8.92,-4.99963,-4.99976,-147.136,0.0632989,0.0570297
8.93,-4.99964,-4.99976,-147.136,0.0590964,0.0600289
8.94,-4.99965,-4.99977,-147.138,0.0548806,0.0630414
8.95,-4.99966,-4.99978,-147.137,0.0595646,0.0571799
8.96,-4.99967,-4.99978,-147.135,0.0642733,0.0512938
8.97,-4.99968,-4.99979,-147.134,0.0629492,0.0514805
8.98,-4.99968,-4.9998,-147.132,0.0616386,0.0516538
8.99,-4.99969,-4.9998,-147.131,0.0603369,0.0518181
9,-4.9997,-4.99981,-147.13,0.0590396,0.051978
9.01,-4.99971,-4.99981,-147.129,0.0577468,0.0521334
9.02,-4.99972,-4.99982,-147.13,0.0493661,0.0594167
9.03,-4.99973,-4.99983,-147.131,0.0522279,0.0554835
9.04,-4.99974,-4.99983,-147.13,0.0551276,0.0515123
9.05,-4.99975,-4.99984,-147.129,0.0580922,0.0474762
9.06,-4.99976,-4.99984,-147.126,0.0611373,0.0433596
9.07,-4.99977,-4.99985,-147.125,0.0558787,0.0475868
9.08,-4.99977,-4.99985,-147.125,0.0505374,0.0518968
9.09,-4.99978,-4.99986,-147.127,0.0450797,0.056323
9.1,-4.99979,-4.99987,-147.13,0.0394745,0.0608968
9.11,-4.9998,-4.99987,-147.13,0.0488623,0.0505034
9.12,-4.99981,-4.99988,-147.127,0.0585498,0.0398104
9.13,-4.99982,-4.99988,-147.124,0.0579509,0.0394438
9.14,-4.99983,-4.99989,-147.122,0.0573923,0.0390369
9.15,-4.99983,-4.99989,-147.119,0.0568717,0.038592
9.16,-4.99984,-4.9999,-147.116,0.0563958,0.0381024
9.17,-4.99985,-4.9999,-147.113,0.0559646,0.0375681
9.18,-4.99986,-4.99991,-147.114,0.042091,0.0505163
9.19,-4.99986,-4.99991,-147.12,0.0274818,0.0641999
9.2,-4.99987,-4.99992,-147.123,0.0352059,0.0555763
9.21,-4.99988,-4.99992,-147.124,0.0433749,0.0465077
9.22,-4.99989,-4.99993,-147.121,0.0521274,0.0368557
9.23,-4.99989,-4.99993,-147.116,0.0616354,0.0264481
9.24,-4.9999,-4.99994,-147.107,0.0721248,0.0150591
9.25,-4.99991,-4.99994,-147.101,0.0630385,0.0232858
9.26,-4.99992,-4.99995,-147.098,0.0532392,0.0322257
